Module,Parameter,Value
Environment,airTemperature,20
Environment,airPressure,100
Environment,airHumidity,50
Environment,earthAcc,9.81
Environment,wind.x,0
Environment,wind.y,0
Environment,wind.z,0
Vehicle,frame,ISO8855
Vehicle,nonSuspendedMassAtWheels.FL,7.5
Vehicle,nonSuspendedMassAtWheels.FR,7.5
Vehicle,nonSuspendedMassAtWheels.RL,8
Vehicle,nonSuspendedMassAtWheels.RR,8
Vehicle,suspendedMassAtWheels.FL,62.75
Vehicle,suspendedMassAtWheels.FR,62.75
Vehicle,suspendedMassAtWheels.RL,67.75
Vehicle,suspendedMassAtWheels.RR,67.75
Vehicle,suspendedMassHeight,0.2894
Vehicle,nonSuspendedMassHeight,0.195
Vehicle,rollCenterHeightFront,0.0491
Vehicle,rollCenterHeightBack,0.0539
Vehicle,frontSpringMotionRatio,1
Vehicle,frontArbMotionRatio,1
Vehicle,frontArbMotionRatio.unit,mm/mm
Vehicle,frontKspring,70
Vehicle,frontKarb,100
Vehicle,frontKarb.unit,N/mm
Vehicle,rearSpringMotionRatio,1
Vehicle,rearArbMotionRatio,1
Vehicle,rearArbMotionRatio.unit,mm/mm
Vehicle,rearKspring,70
Vehicle,rearKarb,1
Vehicle,rearKarb.unit,N/mm
Vehicle,frontTrackWidth,1.256
Vehicle,rearTrackWidth,1.216
Vehicle,trackDistance,1.53
Vehicle,toeAngle.unit,deg
Vehicle,toeAngle.FL,0
Vehicle,toeAngle.FR,0
Vehicle,toeAngle.RL,0
Vehicle,toeAngle.RR,0
Vehicle,camber.unit,deg
Vehicle,camber.FL,0
Vehicle,camber.FR,0
Vehicle,camber.RL,0
Vehicle,camber.RR,0
Vehicle,driveBiasFront,0.0
Vehicle,brakeBiasFront,0.6
Differential,implementation,Open
Aero,frame,ISO8855
Aero,implementation,Simple
Aero,cla,3.7
Aero,cda,0.0
Aero,claPosition.x,0.75
Aero,claPosition.y,0.0
Aero,claPosition.z,0.0
Tire,frame,SAE
Tire,implementation,PacejkaV2
Tire,calibrationSlipAngle,90
Tire,calibrationSlipAngle.unit,deg
Aero,frame,ISO8855
Aero,implementation,Simple
Aero,cla,3.7
Aero,cda,0.0
Aero,claPosition.x,0.75
Aero,claPosition.y,0.0
Aero,claPosition.z,0.0
Tire,PCX1,-1.43285
Tire,PDX1,-2.5123
Tire,PDX2,0.570654
Tire,PDX3,-14.8618
Tire,PEX1,-0.658256
Tire,PEX2,-0.394296
Tire,PEX3,1.0429
Tire,PEX4,0.914212
Tire,PKX1,-50.4352
Tire,PKX2,-10.8131
Tire,PKX3,-0.68217
Tire,PHX1,0.00272537
Tire,PHX2,0.00199916
Tire,PVX1,0.145465
Tire,PVX2,0.131619
Tire,RBX1,3.15295
Tire,RBX2,10.0242
Tire,RCX1,-2.26504
Tire,REX1,0.0220994
Tire,REX2,2.41114
Tire,RHX1,-0.0505354
Tire,PCY1,    1.12025
Tire,PDY1,    2.17116
Tire,PDY2,    -0.6749
Tire,PDY3,    9.6864
Tire,PEY1,    1.01237
Tire,PEY2,    1.45105
Tire,PEY3,    -1.01715
Tire,PEY4,    -3.76685
Tire,PKY1,    32.4464
Tire,PKY2,    1.9369
Tire,PKY3,    0.603066
Tire,PHY1,    0.0160889
Tire,PHY2,    0.0259165
Tire,PHY3,    -0.170641
Tire,PVY1,    0.0515402
Tire,PVY2,    -0.0355678
Tire,PVY3,    1.01254
Tire,PVY4,    -0.447043
Tire,QBZ1,    -2.79277
Tire,QBZ2,    -0.876655
Tire,QBZ3,    1.29562
Tire,QBZ5,    0.200041
Tire,QBZ4,    0.281018
Tire,QBZ9,    26.2564
Tire,QBZ10,    0.177473
Tire,QCZ1,    0.921146
Tire,QDZ1,    0.905595
Tire,QDZ2,    0.52887
Tire,QDZ3,    -0.152378
Tire,QDZ4,    2.31907
Tire,QDZ6,    -0.0163036
Tire,QDZ7,    -0.0218975
Tire,QDZ8,    -2.69308
Tire,QDZ9,    0.586642
Tire,QEZ1,    -347.511
Tire,QEZ2,    565.462
Tire,QEZ3,    -106.574
Tire,QEZ4,    0.113425
Tire,QEZ5,    -35.6819
Tire,QHZ1,    -0.00219638
Tire,QHZ2,    -0.00202769
Tire,QHZ3,    -0.0671321
Tire,QHZ4,    -0.0195978
Tire,FNOMIN,-3000
Tire,R0,0.2032
Tire,LFZ0,1
Tire,LCX,1
Tire,LCZ,1
Tire,LMUX,1.01
Tire,LEX,-0.2
Tire,LKX,1.1
Tire,LHX,1
Tire,LVX,1
Tire,LCY,1
Tire,LMUY,1
Tire,LEY,1
Tire,LKY,1
Tire,LHY,1
Tire,LVY,1
Tire,LTR,1
Tire,LRES,1
Tire,LXAL,1
Tire,LYKA,1
Tire,LVYKA,1
Tire,LS,1
Tire,LKYC,1
Tire,LKZC,1
Tire,LMUV,0
Tire,LMX,1
Tire,LMY,1
Tire,LGAX,1
Tire,LGAY,1
Tire,LGAZ,1
Tire,LVMX,1
Tire,LSGKP,1
Tire,LSGAL,1
Tire,LGYR,1
Simlation,maxSlipAngle,10
Simlation,maxSteeringAngle,24
Simlation,slipAngleStep,1
Simlation,steeringAngleStep,2
Simlation,speed,10
Simlation,tolerance,0.01
Simlation,maxIterations,100
Simlation,latAccBracketG,4
Simlation,longEquilibrium,false
Simlation,targetLongAcc,0.0
Simlation,refine,1
Simlation,refineFactor,1.5
Simlation,refineMaxDepth,4
